{"8": 3.2555507175615275, "1": 1.1713382554315122, "6": 5.179509879206654}